name,email,team
Bran Stark,isaac_hempstead_wright@gameofthron.es,Alpha
Tormund Giantsbane,kristofer_hivju@gameofthron.es,Alpha
Hodor,kristian_nairn@gameofthron.es,Alpha
Lancel Lannister,eugene_simon@gameofthron.es,Alpha
Joffrey Baratheon,jack_gleeson@gameofthron.es,Alpha
Grand Maester Pycelle,julian_glover@gameofthron.es,Alpha
Jon Snow,kit_harington@gameofthron.es,Alpha
Arya Stark,maisie_williams@gameofthron.es,Alpha
Khal Drogo,jason_momoa@gameofthron.es,Alpha
Stannis Baratheon,stephen_dillane@gameofthron.es,Alpha
Tywin Lannister,charles_dance@gameofthron.es,Alpha
Jorah Mormont,iain_glen@gameofthron.es,Alpha
Ellaria Sand,indira_varma@gameofthron.es,Alpha
Petyr Baelish,aidan_gillen@gameofthron.es,Alpha
Viserys Targaryen,harry_lloyd@gameofthron.es,Alpha
Tommen Baratheon,dean-charles_chapman@gameofthron.es,Alpha
Rast,luke_barnes@gameofthron.es,Alpha
Robert Baratheon,mark_addy@gameofthron.es,Alpha
Robb Stark,richard_madden@gameofthron.es,Alpha
Melisandre,carice_van_houten@gameofthron.es,Alpha
Talisa Maegyr,oona_chaplin@gameofthron.es,Alpha
Brienne of Tarth,gwendoline_christie@gameofthron.es,Alpha
Pypar,josef_altin@gameofthron.es,Alpha
Samwell Tarly,john_bradley-west@gameofthron.es,Alpha
Meryn Trant,ian_beattie@gameofthron.es,Alpha
Myrcella Baratheon,nell_tiger_free@gameofthron.es,Alpha
Bronn,jerome_flynn@gameofthron.es,Alpha
Gendry,joe_dempsie@gameofthron.es,Alpha
Rodrik Cassel,ron_donachie@gameofthron.es,Alpha
Maester Luwin,donald_sumpter@gameofthron.es,Alpha
Maester Aemon,peter_vaughan@gameofthron.es,Alpha
Jeor Mormont,james_cosmo@gameofthron.es,Alpha
Gilly,hannah_murray@gameofthron.es,Alpha
Gregor Clegane,hafthór_júlíus_björnsson@gameofthron.es,Alpha
Alliser Thorne,owen_teale@gameofthron.es,Alpha
Tyrion Lannister,peter_dinklage@gameofthron.es,Alpha
Grenn,mark_stanley@gameofthron.es,Alpha
Cersei Lannister,lena_headey@gameofthron.es,Alpha
Daenerys Targaryen,emilia_clarke@gameofthron.es,Alpha
Janos Slynt,dominic_carter@gameofthron.es,Alpha
Davos Seaworth,liam_cunningham@gameofthron.es,Alpha
Ned Stark,sean_bean@gameofthron.es,Alpha
Varys,conleth_hill@gameofthron.es,Alpha
Ramsay Bolton,iwan_rheon@gameofthron.es,Alpha
Jaime Lannister,nikolaj_coster-waldau@gameofthron.es,Alpha
Sansa Stark,sophie_turner@gameofthron.es,Alpha
Theon Greyjoy,alfie_allen@gameofthron.es,Alpha
Sandor Clegane,rory_mccann@gameofthron.es,Alpha
Shae,sibel_kekilli@gameofthron.es,Alpha
Catelyn Stark,michelle_fairley@gameofthron.es,Alpha
Missandei,nathalie_emmanuel@gameofthron.es,CompanyW
The High Sparrow,jonathan_pryce@gameofthron.es,CompanyW
Rickon Stark,art_parkinson@gameofthron.es,CompanyW
Barristan Selmy,ian_mcelhinney@gameofthron.es,CompanyW
Margaery Tyrell,natalie_dormer@gameofthron.es,CompanyW
Ygritte,rose_leslie@gameofthron.es,CompanyW
Jaqen H'ghar,tom_wlaschiha@gameofthron.es,CompanyW
Roose Bolton,michael_mcelhatton@gameofthron.es,CompanyW
Doreah,roxanne_mckee@gameofthron.es,CompanyW
Daario Naharis,michiel_huisman@gameofthron.es,CompanyW
Osha,natalia_tena@gameofthron.es,CompanyW
Ros,esme_bianco@gameofthron.es,CompanyW
Irri,amrita_acharia@gameofthron.es,CompanyW
Kevan Lannister,ian_gelder@gameofthron.es,CompanyW
Beric Dondarrion,richard_dormer@gameofthron.es,CompanyW
Podrick Payne,daniel_portman@gameofthron.es,EnterpriseZ
Shireen Baratheon,kerry_ingram@gameofthron.es,EnterpriseZ
Olly,brenock_o'connor@gameofthron.es,EnterpriseZ
Ronald Cox,ronald_cox@fakegmail.com,EnterpriseZ
Victor Patel,victor_patel@fakegmail.com,EnterpriseZ
Megan Richards,megan_richards@fakegmail.com,EnterpriseZ
Denise Bryant,denise_bryant@fakegmail.com,EnterpriseZ
Victoria Sanders,victoria_sanders@fakegmail.com,EnterpriseZ
Phillip Collins,phillip_collins@fakegmail.com,EnterpriseZ
Elizabeth Wiggins,elizabeth_wiggins@fakegmail.com,EnterpriseZ
Megan Turner,megan_turner@fakegmail.com,EnterpriseZ
Kenneth Chandler,kenneth_chandler@fakegmail.com,EnterpriseZ
Jennifer Frazier,jennifer_frazier@fakegmail.com,EnterpriseZ
Mary Mitchell,mary_mitchell@fakegmail.com,EnterpriseZ
Connie Barton,connie_barton@fakegmail.com,EnterpriseZ
Othell Yarwyck,brian_fortune@gameofthron.es,EnterpriseZ
Eddison Tollett,ben_crompton@gameofthron.es,EnterpriseZ
Bowen Marsh,michael_condron@gameofthron.es,EnterpriseZ
Amy Phillips,amy_phillips@fakegmail.com,EnterpriseZ
Mrs. Ariana Nunez,mrs._ariana_nunez@fakegmail.com,EnterpriseZ
Michael Day,michael_day@fakegmail.com,EnterpriseZ
Taylor Scott,taylor_scott@fakegmail.com,EnterpriseZ
Eric Navarro,eric_navarro@fakegmail.com,EnterpriseZ
Loras Tyrell,finn_jones@gameofthron.es,EnterpriseZ
Hot Pie,ben_hawkey@gameofthron.es,EnterpriseZ
Grey Worm,jacob_anderson@gameofthron.es,Red
Thomas Buckley,thomas_buckley@fakegmail.com,Red
Kathryn Sosa,kathryn_sosa@fakegmail.com,Green
Daniel Simmons,daniel_simmons@fakegmail.com,Green
Julia Nichols,julia_nichols@fakegmail.com,Green
Donna Smith,donna_smith@fakegmail.com,Green
Kelsey Smith,kelsey_smith@fakegmail.com,Green
Christopher Robinson,christopher_robinson@fakegmail.com,Green
Teresa Thomas,teresa_thomas@fakegmail.com,Green
Heather Leonard,heather_leonard@fakegmail.com,Green
Bradley Brooks,bradley_brooks@fakegmail.com,Students
Jamie Santana,jamie_santana@fakegmail.com,Students
Blake Fitzgerald,blake_fitzgerald@fakegmail.com,Students
Meera Reed,ellie_kendrick@gameofthron.es,Students
Mace Tyrell,roger_ashton-griffiths@gameofthron.es,Students
Lisa Rasmussen,lisa_rasmussen@fakegmail.com,Students
John Roman,john_roman@fakegmail.com,Students
Andrea Le,andrea_le@fakegmail.com,Students
Thomas Morris,thomas_morris@fakegmail.com,Students
Nicholas Webster,nicholas_webster@fakegmail.com,Students
John Rice,john_rice@fakegmail.com,CompanyX
Blake Sellers,blake_sellers@fakegmail.com,CompanyX
Jose Hall,jose_hall@fakegmail.com,CompanyX
Paul Bailey,paul_bailey@fakegmail.com,CompanyX
Patrick Knight,patrick_knight@fakegmail.com,CompanyX
Jordan Medina,jordan_medina@fakegmail.com,CompanyX
Qyburn,anton_lesser@gameofthron.es,CompanyX
Yvette Roth,yvette_roth@fakegmail.com,CompanyX
April Cole,april_cole@fakegmail.com,CompanyX
Patricia Good,patricia_good@fakegmail.com,CompanyX
Taylor Hill,taylor_hill@fakegmail.com,CompanyX
Yolanda Owen,yolanda_owen@fakegmail.com,CompanyX
Desiree Pierce,desiree_pierce@fakegmail.com,CompanyX
Shawn Mccormick,shawn_mccormick@fakegmail.com,CompanyX
Mercedes Tyler,mercedes_tyler@fakegmail.com,CompanyX
Jason Hernandez,jason_hernandez@fakegmail.com,CompanyX
Theresa Holmes,theresa_holmes@fakegmail.com,CompanyX
Anthony Hurst,anthony_hurst@fakegmail.com,CompanyX
Thoros of Myr,paul_kaye@gameofthron.es,CompanyX
Greg Powell,greg_powell@fakegmail.com,CompanyX
Karina Martin,karina_martin@fakegmail.com,CompanyX
Jason Smith,jason_smith@fakegmail.com,CompanyX
Morgan Smith,morgan_smith@fakegmail.com,CompanyX
Justin Williams,justin_williams@fakegmail.com,CompanyX
Denise Davidson,denise_davidson@fakegmail.com,CompanyX
Christian Williams,christian_williams@fakegmail.com,CompanyX
Catherine Romero,catherine_romero@fakegmail.com,CompanyX
Thomas Green,thomas_green@fakegmail.com,CompanyX
Nicholas Johnson,nicholas_johnson@fakegmail.com,CompanyX
Olenna Tyrell,diana_rigg@gameofthron.es,CompanyX
Cameron Duran,cameron_duran@fakegmail.com,CompanyX
Keith Phillips,keith_phillips@fakegmail.com,CompanyX
Garrett Obrien,garrett_obrien@fakegmail.com,CompanyX
Michael Moore,michael_moore@fakegmail.com,CompanyX
Barbara Gonzalez,barbara_gonzalez@fakegmail.com,CompanyX
foo,foobaz@bar.com,CompanyX
Robert Jordan,robert_jordan@fakegmail.com,CompanyX
Brenda Martin,brenda_martin@fakegmail.com,CompanyX
Lori Franklin,lori_franklin@fakegmail.com,CompanyX
Kimberly Gates,kimberly_gates@fakegmail.com,CompanyX
Jeffrey Roberts,jeffrey_roberts@fakegmail.com,Volunteer Team
Magical Mr. Mistoffelees,magicz@cats.com,Volunteer Team
Emily Ellis,emily_ellis@fakegmail.com,Volunteer Team
Javier Smith,javier_smith@fakegmail.com,Volunteer Team
Anthony Smith,anthony_smith@fakegmail.com,Volunteer Team
Lisa Silva,lisa_silva@fakegmail.com,Volunteer Team
Edward Barrett,edward_barrett@fakegmail.com,Volunteer Team
Ms. Cathy Miller,ms._cathy_miller@fakegmail.com,Volunteer Team
Melissa Young,melissa_young@fakegmail.com,Volunteer Team
Jonathon Mccullough,jonathon_mccullough@fakegmail.com,Volunteer Team
Deborah Kennedy,deborah_kennedy@fakegmail.com,Volunteer Team
Selyse Baratheon,tara_fitzgerald@gameofthron.es,Volunteer Team
Connie Johnson,connie_johnson@fakegmail.com,Volunteer Team
Amy Ramirez,amy_ramirez@fakegmail.com,Volunteer Team
Donna Russell,donna_russell@fakegmail.com,Volunteer Team
Yara Greyjoy,gemma_whelan@gameofthron.es,Volunteer Team
Richard Davis,richard_davis@fakegmail.com,Volunteer Team
Anthony Thompson,anthony_thompson@fakegmail.com,Volunteer Team
Paula Sullivan,paula_sullivan@fakegmail.com,Volunteer Team
Richard Schmidt,richard_schmidt@fakegmail.com,Volunteer Team
Lisa Russo,lisa_russo@fakegmail.com,Volunteer Team
Ashlee Hart,ashlee_hart@fakegmail.com,Volunteer Team
Jojen Reed,thomas_brodie-sangster@gameofthron.es,Volunteer Team
The Waif,faye_marsay@gameofthron.es,Volunteer Team
Sarah Lewis,sarah_lewis@fakegmail.com,Volunteer Team
Brandon Hardy,brandon_hardy@fakegmail.com,Volunteer Team
Joshua Kent,joshua_kent@fakegmail.com,Volunteer Team
Kristen Schmidt,kristen_schmidt@fakegmail.com,Volunteer Team
Jerry Cabrera,jerry_cabrera@fakegmail.com,Volunteer Team
Anthony Cline,anthony_cline@fakegmail.com,Volunteer Team
Victor Fleming,victor_fleming@fakegmail.com,Startup_Team
Melissa Jones,melissa_jones@fakegmail.com,Startup_Team
Lori Blankenship,lori_blankenship@fakegmail.com,Orange_Team
John Bishop,john_bishop@fakegmail.com,Orange_Team
Nichole Miller,nichole_miller@fakegmail.com,Orange_Team
Natalie Ford,amyholland@yahoo.com,Team0
Christine Douglas,aaron99@yahoo.com,Team2
Michael Reynolds,caitlin24@gmail.com,Team2
Kaitlin Miller,mariahmcpherson@gmail.com,Team3
Alexander Hernandez,campbelljuan@hotmail.com,Team3
Daniel Shaw,owensrodney@yahoo.com,Team3
Dr. Angela Brown,michaelespinoza@gmail.com,Team4
Matthew Jones,douglaschavez@hotmail.com,Team4
John Wright,blackwayne@hotmail.com,Team4
Lorraine Mullen,davisholly@hotmail.com,Team4
Teresa Brooks,saguilar@gmail.com,Team5
Jacqueline Davis,yleon@yahoo.com,Team5
Shirley Rodriguez,jonathan95@yahoo.com,Team5
Amy Lawrence,christophercastro@hotmail.com,Team5
Lisa Tate,crystalromero@hotmail.com,Team5
Thomas Figueroa,jeff42@hotmail.com,Team6
Cheryl Anderson,snydermark@yahoo.com,Team6
Brandy Moran,kaylaharris@hotmail.com,Team6
Matthew Hernandez,pmitchell@yahoo.com,Team6
Douglas Johnson,bennettwendy@yahoo.com,Team6
Lauren Clark,briannafrost@yahoo.com,Team6
Sarah White,christensenallison@yahoo.com,Team7
James Moore,brittney17@gmail.com,Team7
Ms. Kristen Williams MD,stephenwarner@hotmail.com,Team7
Angela Campbell,jocelyn67@yahoo.com,Team7
James Smith,kevin84@yahoo.com,Team7
Lindsey Burke,paige01@yahoo.com,Team7
Maria Ayers,ccherry@hotmail.com,Team7
Daniel Buckley,mcox@hotmail.com,Team8
Chelsea Hardin,janet51@yahoo.com,Team8
Lindsay Cowan,cooperalexis@hotmail.com,Team8
Leslie Martinez,tcrawford@gmail.com,Team8
Derek Curtis,qgibson@hotmail.com,Team8
Steven Campbell,kristen30@yahoo.com,Team8
Linda Lee,morrisondavid@gmail.com,Team8
Maria Alexander,atkinsontodd@hotmail.com,Team8
Rodney Giles,lynncynthia@hotmail.com,Team9
Randall Patel,andreaevans@gmail.com,Team9
Eric Johnson,carrie23@gmail.com,Team9
Anna Perkins,madison55@gmail.com,Team9
Kenneth Williams,ygeorge@hotmail.com,Team9
Wendy Woods,clarkleah@gmail.com,Team9
Travis White,tsosa@hotmail.com,Team9
Richard Barr,kaitlin77@hotmail.com,Team9
Brian Woodard,donna67@hotmail.com,Team9
Mary Cox,rowlanderic@yahoo.com,Team10
Justin Miller,whiteheadnicholas@hotmail.com,Team10
Amber Collier,mia28@yahoo.com,Team10
Katherine David,timothy78@hotmail.com,Team10
John Parks,zmelton@gmail.com,Team10
David Lawrence,cfoster@gmail.com,Team10
Melanie Hernandez,nicoleeaton@gmail.com,Team10
Luis Peterson,matthew37@yahoo.com,Team10
Christopher Lee,ryan82@hotmail.com,Team10
Robert Walker,millerjamie@gmail.com,Team10
Chelsea Tyler,brian57@gmail.com,Team11
Kenneth Murphy,egonzales@yahoo.com,Team11
Jason Martinez,tmcdonald@hotmail.com,Team11
Kristine Vazquez,tgriffith@gmail.com,Team11
Courtney Dunn,ysmith@yahoo.com,Team11
Teresa Smith,melissapatrick@yahoo.com,Team11
Jack Brown,emilyjordan@yahoo.com,Team11
Brandon Moore,thompsonnicholas@yahoo.com,Team11
Whitney Johnson,kinglaura@yahoo.com,Team11
Christopher Castro,michaeljimenez@hotmail.com,Team11
Cheryl Herring,jessica87@hotmail.com,Team11
Christine Brown,iball@gmail.com,Team12
Cheryl Ingram,mtaylor@hotmail.com,Team12
Crystal Walker,rebeccamckinney@yahoo.com,Team12
Bryce Bowen,rebecca54@hotmail.com,Team12
Anthony Frost,mary98@hotmail.com,Team12
Heather Castro,cedwards@hotmail.com,Team12
Robert Pearson,aaron15@yahoo.com,Team12
Dr. William Carlson,joseph07@yahoo.com,Team12
James Sanchez,josephmacias@hotmail.com,Team12
Jacqueline Haynes,virginia36@hotmail.com,Team12
Clinton Shelton,acook@gmail.com,Team12
Ann Williams,jhoward@yahoo.com,Team12
Jeffrey Lester,aacosta@yahoo.com,Team13
Jose Villarreal,jonesgregory@hotmail.com,Team13
Natasha Conrad,jamesfloyd@hotmail.com,Team13
Andrea Mcmillan,andrewlowe@yahoo.com,Team13
Alyssa Bailey,ble@gmail.com,Team13
Justin Bryant,emily47@hotmail.com,Team13
Bradley Roberts,donna47@hotmail.com,Team13
David Warren,jennifer49@gmail.com,Team13
Gary Nichols,laura34@yahoo.com,Team13
Crystal Brown,vincenthayes@yahoo.com,Team13
Nathaniel Simpson,davidhooper@yahoo.com,Team13
Elizabeth Bowers,moralesgloria@yahoo.com,Team13
Brad Cardenas,dustin37@yahoo.com,Team13
Ashley Lopez,michael16@hotmail.com,Team14
John Vega,ryanpena@yahoo.com,Team14
Brian Flores,april04@gmail.com,Team14
Joshua Parker,nicoleanderson@hotmail.com,Team14
Joseph Dawson,cgonzalez@yahoo.com,Team14
Phillip Obrien,lopezsean@hotmail.com,Team14
Stephen Flores,philiphenderson@hotmail.com,Team14
Adrienne Obrien,leslieday@gmail.com,Team14
Willie Atkinson,ginahawkins@hotmail.com,Team14
Amanda Willis,hudsonchristopher@gmail.com,Team14
Casey Taylor MD,ihernandez@yahoo.com,Team14
Amanda Rogers,arellanopatricia@yahoo.com,Team14
Tammy Parker,thorntoncynthia@yahoo.com,Team14
Sandra Anderson,amy21@gmail.com,Team14
Wanda Rodgers,rward@yahoo.com,Team15
Robert Pearson,tuckermary@yahoo.com,Team15
Tiffany Jackson,ngreen@yahoo.com,Team15
Wendy Lane,kristinmartinez@hotmail.com,Team15
Jacob Flores,tracykennedy@gmail.com,Team15
Samantha Cain DVM,jaime61@hotmail.com,Team15
Danielle Blevins,robertlloyd@hotmail.com,Team15
Elizabeth Ray,arroyocolton@gmail.com,Team15
Dana Clarke,vcarter@hotmail.com,Team15
Jennifer Lawrence,scott50@yahoo.com,Team15
Christopher Gomez,omolina@gmail.com,Team15
Robert Burns,barbaraduncan@gmail.com,Team15
Brittany Ellis,jonathankennedy@gmail.com,Team15
Christopher Watson,lscott@gmail.com,Team15
Ray Jenkins,nicolehicks@gmail.com,Team15
Meghan Wood,richard20@gmail.com,Team16
Gabriel Meza,nancywhite@hotmail.com,Team16
Douglas Sharp DDS,reyesheather@gmail.com,Team16
Brendan Leonard,tabithaleon@hotmail.com,Team16
Bradley Smith,christopher22@hotmail.com,Team16
Kara Thomas,sharontorres@hotmail.com,Team16
Dustin Peterson,brandon48@yahoo.com,Team16
Melanie Scott,scott89@gmail.com,Team16
Kevin Robbins,handerson@gmail.com,Team16
Valerie Vaughn,calvinwhite@yahoo.com,Team16
Sandra Davila,rgraham@hotmail.com,Team16
David Smith,carljoyce@gmail.com,Team16
Dr. Matthew Cooper,wrightemily@gmail.com,Team16
Amanda Hammond,nicholas62@hotmail.com,Team16
Victoria Jones,candicediaz@gmail.com,Team16
Matthew Medina,tina96@hotmail.com,Team16
Rita Brown,jonesseth@gmail.com,Team17
Tracy Rice,shane72@gmail.com,Team17
Stephen Nelson,deborah60@yahoo.com,Team17
Michael Palmer,david45@yahoo.com,Team17
Julie Erickson DDS,sgreene@gmail.com,Team17
James Rose,simpsonpatrick@gmail.com,Team17
Raymond Hudson,annamaxwell@yahoo.com,Team17
Daniel Walker,chad79@gmail.com,Team17
William Johnson,casey29@hotmail.com,Team17
Jesus Williams,tiffanyblackburn@yahoo.com,Team17
Joseph Price,eyoung@yahoo.com,Team17
Mr. Shawn Griffin,rphillips@yahoo.com,Team17
Christopher Hall,fcochran@hotmail.com,Team17
Brian Brown,garyriddle@hotmail.com,Team17
Michael Johnson,courtneypaul@gmail.com,Team17
Trevor Perry,bellamanda@hotmail.com,Team17
Adam Anderson,lesliemiranda@gmail.com,Team17
Bryan Huff,anna26@gmail.com,Team18
Michelle Jones,natasha35@hotmail.com,Team18
Mr. Alex Chavez,daniel10@yahoo.com,Team18
Cynthia Smith,kathleenclark@yahoo.com,Team18
Lisa Jones,francisco62@hotmail.com,Team18
Alexander Goodman,william88@yahoo.com,Team18
Michael Bradley,williamsmichael@yahoo.com,Team18
Victoria Delacruz,jasonrandolph@hotmail.com,Team18
Chelsea Clay,stevensteele@yahoo.com,Team18
Brittany Thompson,cunninghammary@gmail.com,Team18
Michael Lewis,pittmanmatthew@yahoo.com,Team18
Peter Robertson DDS,ginaswanson@hotmail.com,Team18
Ashley Mosley,michael63@gmail.com,Team18
Phillip Molina,steven93@gmail.com,Team18
Jordan Parker,pamelacastillo@hotmail.com,Team18
Wendy Young DVM,martinezrobert@yahoo.com,Team18
Sarah Lowery,gomeztonya@hotmail.com,Team18
Bradley Lopez,ryanadams@yahoo.com,Team18
Krista Mcdonald,brittany49@hotmail.com,Team19
Chad Ryan,alanfarley@gmail.com,Team19
Elizabeth Moore,brandonmercer@yahoo.com,Team19
Debbie Villa,todd31@yahoo.com,Team19
Christopher Mercado,brianpowell@yahoo.com,Team19
Kendra Parker,matthew69@hotmail.com,Team19
Annette Watts,meganwilliams@hotmail.com,Team19
Sean Hopkins,benjamin34@yahoo.com,Team19
Shane Mills,lmartinez@hotmail.com,Team19
Charles Jones,vancejohnny@hotmail.com,Team19
Shelley Watson,gailguerrero@hotmail.com,Team19
James Martin,michael75@yahoo.com,Team19
Adam Miller,richard78@gmail.com,Team19
Emily Davidson,wintersmorgan@hotmail.com,Team19
Jeremy Sullivan,jacob15@hotmail.com,Team19
Brenda Mercer,cabreramatthew@hotmail.com,Team19
Stephen Roberts,angela75@yahoo.com,Team19
John Barajas,cheryltrujillo@yahoo.com,Team19
John Guzman,christopher91@hotmail.com,Team19
Seth Gonzalez,paul16@hotmail.com,Team20
Scott Wilson,angelarogers@yahoo.com,Team20
Christopher Hayes,aherrera@yahoo.com,Team20
Justin Crawford,emurray@hotmail.com,Team20
Terri Lynn,brian26@gmail.com,Team20
Matthew Montgomery,rle@hotmail.com,Team20
Elizabeth Hughes,gmoore@gmail.com,Team20
Jonathan Strong,hansonmichael@gmail.com,Team20
Dr. Matthew Archer,johnsonjennifer@hotmail.com,Team20
Margaret Adams,brian12@yahoo.com,Team20
Michele Noble,johnsonsusan@yahoo.com,Team20
James Jones,gonzalezbethany@hotmail.com,Team20
Geoffrey Ball,ryanphelps@hotmail.com,Team20
Nathan Thompson,claynathaniel@yahoo.com,Team20
Cody Schmitt,colemanjamie@gmail.com,Team20
Randy Moore,adam80@yahoo.com,Team20
Kelly Clark,davidsullivan@hotmail.com,Team20
Angela Leblanc,lopezchristopher@yahoo.com,Team20
Bobby Chan,jessicagrant@yahoo.com,Team20
James Lopez,farmerralph@gmail.com,Team20
James Mooney,samuelvalencia@gmail.com,Team21
William Taylor,wrose@hotmail.com,Team21
Julie Mora,clarkjean@gmail.com,Team21
Kevin Howard,cdaniel@gmail.com,Team21
Edward Frank,steven67@hotmail.com,Team21
Jonathon Small,michael32@hotmail.com,Team21
Daniel Wang,vchristensen@gmail.com,Team21
Sarah Powell,justinsantos@yahoo.com,Team21
Lynn Vance,nixoneric@hotmail.com,Team21
Tammy Ramirez,nancypeters@hotmail.com,Team21
Kimberly Soto,sbaker@gmail.com,Team21
John Lee III,chapmandiane@gmail.com,Team21
Elizabeth Meyer,andrew95@gmail.com,Team21
Chelsea Wells,stephaniethomas@gmail.com,Team21
Betty Clayton,egreen@yahoo.com,Team21
Sandra Miller,hamiltonanthony@gmail.com,Team21
John Brown,travis88@hotmail.com,Team21
Patricia Powers,jonesbeverly@gmail.com,Team21
Charles Sanchez,rhogan@hotmail.com,Team21
Marie Torres,mcintoshalbert@yahoo.com,Team21
Blake Gregory,huffmitchell@yahoo.com,Team21
Bradley Mack,woodpriscilla@hotmail.com,Team22
Erica Little,barrjeffrey@hotmail.com,Team22
Angela Ortiz,mitchelldeborah@gmail.com,Team22
Jasmin Carlson,rhoward@hotmail.com,Team22
Christine Robinson,whitebrandon@hotmail.com,Team22
Craig Koch,ebrooks@hotmail.com,Team22
Johnathan Reyes,wnguyen@gmail.com,Team22
Paul Flores,zamoragary@gmail.com,Team22
Alex Turner,jennifer49@gmail.com,Team22
Stacey Grimes,calderonchad@hotmail.com,Team22
John Nguyen,juanbentley@gmail.com,Team22
David Obrien,cindy96@yahoo.com,Team22
Shannon Bonilla,braunelizabeth@hotmail.com,Team22
Sierra Williams,janetcardenas@yahoo.com,Team22
Megan Luna,jennifer73@gmail.com,Team22
Cory Grant,dbenitez@hotmail.com,Team22
Michelle Stewart,mary95@yahoo.com,Team22
Stephanie Neal,msloan@hotmail.com,Team22
Travis Palmer,andrea82@gmail.com,Team22
Heather Martinez,ptaylor@hotmail.com,Team22
Jamie Bray,blakesarah@gmail.com,Team22
Thomas Zimmerman,davidarcher@yahoo.com,Team22
Dr. Derek Maldonado,jasonkennedy@yahoo.com,Team23
Matthew Chapman,twatkins@yahoo.com,Team23
Jessica Butler,marcia71@gmail.com,Team23
Deanna Howard,jonesmatthew@gmail.com,Team23
Jessica Parker,schmittbrian@hotmail.com,Team23
Kenneth Green,fharris@hotmail.com,Team23
Rebecca Wheeler,clinton96@gmail.com,Team23
Christian Martinez,garciaalexander@gmail.com,Team23
Elizabeth French,opage@gmail.com,Team23
Holly Wilson,uflores@hotmail.com,Team23
Edward Owen,stokessharon@yahoo.com,Team23
Lisa Brown,nathan25@yahoo.com,Team23
James Lewis,xtaylor@yahoo.com,Team23
Sarah Wu PhD,fmason@gmail.com,Team23
Rachel Blevins,thomasjames@yahoo.com,Team23
Katherine Andrews,rickyrodriguez@gmail.com,Team23
Misty Coleman,gainesstacy@yahoo.com,Team23
Reginald Wright,steven78@gmail.com,Team23
Sean Brooks,jessica87@gmail.com,Team23
Angela Jones,ronald23@hotmail.com,Team23
Michael Morgan,lgarcia@yahoo.com,Team23
David Brown,brianjohnson@hotmail.com,Team23
Bryan Torres,mcintyrewhitney@yahoo.com,Team23
Michele Mitchell,juanmalone@gmail.com,Team24
Megan Tanner,jamesgregory@gmail.com,Team24
Anthony Spencer,kpaul@hotmail.com,Team24
Natalie Navarro,greernatasha@gmail.com,Team24
Jodi Hunter,lynnpierce@gmail.com,Team24
Stanley Blanchard,villanuevashari@yahoo.com,Team24
Brittany Holt,ywashington@gmail.com,Team24
Anthony Mendoza,eric79@hotmail.com,Team24
Robert Vaughn,cpatterson@hotmail.com,Team24
Jessica Gay,maldonadojaime@yahoo.com,Team24
Lisa Clark,mooreangela@hotmail.com,Team24
Justin Thompson,stevenjenkins@yahoo.com,Team24
Tommy Mcguire,qmullen@gmail.com,Team24
Christopher Knox,vbrown@hotmail.com,Team24
Thomas Pratt MD,dianawilliams@yahoo.com,Team24
Cory Parker,judystevens@gmail.com,Team24
Ralph Solis,esoto@yahoo.com,Team24
Gina Perez,arnoldjavier@hotmail.com,Team24
Katherine Kennedy,vanessabarnes@hotmail.com,Team24
Dennis Brown,dawn26@hotmail.com,Team24
Kevin Miller,langlevi@gmail.com,Team24
Danielle Jenkins,jaredburton@gmail.com,Team24
Raymond Patton,jeremy10@hotmail.com,Team24
Amanda Best,dustinunderwood@gmail.com,Team24
Tracy Harrison,sgardner@gmail.com,Team25
Denise Curtis,fmoore@hotmail.com,Team25
Scott Fisher,nicholasbrown@hotmail.com,Team25
Jill Hodges,robinsonscott@gmail.com,Team25
Gregory King,christopher17@yahoo.com,Team25
Stacey Mccall,lisasandoval@gmail.com,Team25
Lauren Byrd,powerstina@hotmail.com,Team25
Sean Allen,floyddillon@gmail.com,Team25
Ashley Lindsey,robertwalker@gmail.com,Team25
Angela Jenkins,tcampos@gmail.com,Team25
Chelsea Ramos,grace98@hotmail.com,Team25
Michael Copeland,ingramjennifer@gmail.com,Team25
Karen Jones,katherinerodgers@hotmail.com,Team25
Ronald Curry,millerbrandy@yahoo.com,Team25
Margaret Evans,bentonkaren@yahoo.com,Team25
Ashley Jackson,tmccoy@hotmail.com,Team25
Daniel Fletcher,thomasreyes@yahoo.com,Team25
Robert Hooper,stephenmassey@hotmail.com,Team25
Daniel Turner,gmccarthy@yahoo.com,Team25
Michelle Phillips,harttommy@hotmail.com,Team25
Shawn Austin,cameron37@hotmail.com,Team25
Austin Owens,stephaniemartin@gmail.com,Team25
Michael Evans,greggreen@gmail.com,Team25
Jacqueline Green,wesleypena@yahoo.com,Team25
Sandra Armstrong,walshbryan@yahoo.com,Team25
Alexis Miller,mcconnellmonique@hotmail.com,Team26
Tracy Winters,kelleyjeff@hotmail.com,Team26
Wayne Horton,pam03@yahoo.com,Team26
Jocelyn Mayo,parkbrian@yahoo.com,Team26
Christopher Wilson,tlogan@gmail.com,Team26
Jennifer Keller MD,riverathomas@hotmail.com,Team26
Elizabeth Barajas,williamskevin@hotmail.com,Team26
Lisa Clark,grosskaren@gmail.com,Team26
Kimberly Lawrence,murraywayne@gmail.com,Team26
Christopher Alvarado,emily39@yahoo.com,Team26
Sheila Parks,tjohnson@yahoo.com,Team26
Caitlin Walls,cwilcox@yahoo.com,Team26
Gabriel Romero,erica98@gmail.com,Team26
Emily King,hgarza@yahoo.com,Team26
Thomas Barber,jeffrey21@yahoo.com,Team26
Joe Little,kaitlyngill@hotmail.com,Team26
William Peterson,murphyjenna@hotmail.com,Team26
Felicia Perez,xperez@yahoo.com,Team26
Elizabeth Smith,elizabethvaughn@hotmail.com,Team26
Danielle Williams,jeremy58@gmail.com,Team26
Emily Guerra,wwilson@gmail.com,Team26
April Moore,zanderson@hotmail.com,Team26
Stanley Bishop,franciscomoore@gmail.com,Team26
Leah Mack,hollylarsen@hotmail.com,Team26
Daniel Edwards,udavis@yahoo.com,Team26
Linda Stephens,cynthia31@hotmail.com,Team26
Brandon Contreras,amber97@hotmail.com,Team27
Tonya Vega,brooke86@yahoo.com,Team27
Fred Wang,ryanwilliams@gmail.com,Team27
Christopher Adkins,bbeasley@hotmail.com,Team27
Maria Myers,bwiley@hotmail.com,Team27
Colleen Watson,shane95@yahoo.com,Team27
Debra Gross,stacey30@gmail.com,Team27
Ashley Little,aadkins@hotmail.com,Team27
Joshua Daniels,mcdowelldaniel@hotmail.com,Team27
Michael Gomez,sgillespie@gmail.com,Team27
Elizabeth Robinson,johnbarrett@yahoo.com,Team27
James Moore,burgessgary@gmail.com,Team27
Andrew Maxwell,michael90@gmail.com,Team27
Jason Gilmore,smithmichael@yahoo.com,Team27
Stacy Thompson,waltonkatherine@gmail.com,Team27
Tyler Bell,kleblanc@yahoo.com,Team27
Desiree Best,alishaward@hotmail.com,Team27
Samuel Mcintosh,masonkaren@yahoo.com,Team27
Hannah Bender,charlesschneider@hotmail.com,Team27
Rebecca Smith,kimberlyhunter@yahoo.com,Team27
Christopher Lawrence,vkeith@yahoo.com,Team27
Jacqueline Dixon,cindyarmstrong@gmail.com,Team27
David Chung,isweeney@hotmail.com,Team27
Mrs. Sara Maxwell,rgordon@yahoo.com,Team27
Anna Flowers,qblake@yahoo.com,Team27
Benjamin Miller,vgarcia@yahoo.com,Team27
Charles Flores,rebecca51@hotmail.com,Team27
Jacob Green,gjohnson@gmail.com,Team28
Marc Cain,kennethrodgers@gmail.com,Team28
Rachel Sanders,srobinson@gmail.com,Team28
Amy White,ywright@gmail.com,Team28
Loretta Hernandez,cabreracassandra@gmail.com,Team28
Mary Reeves,carolryan@gmail.com,Team28
Austin Johnson,mcguirejennifer@yahoo.com,Team28
Mandy Orr,ramirezlinda@yahoo.com,Team28
Kenneth Lara,marccarrillo@hotmail.com,Team28
Amber Williamson,thomasjames@gmail.com,Team28
Dr. Gloria Diaz DDS,bsherman@hotmail.com,Team28
Kelsey Ryan,mcarr@hotmail.com,Team28
James Frazier,wfigueroa@hotmail.com,Team28
Danielle Hancock,lbutler@yahoo.com,Team28
Tanya Bryant,linjeremy@gmail.com,Team28
Michael Davila MD,jill11@gmail.com,Team28
Brian Landry,kennedydavid@hotmail.com,Team28
Brian Griffin,cwilliams@hotmail.com,Team28
Ruben Moran,katiebrewer@hotmail.com,Team28
Michael Martinez,isaachart@yahoo.com,Team28
Ashley Rodriguez,gnichols@gmail.com,Team28
Jennifer Wells,paulrojas@yahoo.com,Team28
Mariah Dixon,abrown@hotmail.com,Team28
Jeffrey Reeves,jimeneztracey@gmail.com,Team28
John Williams,joseph11@yahoo.com,Team28
Megan Lewis,christophergreen@gmail.com,Team28
Sabrina Walker MD,donna04@yahoo.com,Team28
Christopher Smith,benjaminmoore@yahoo.com,Team28
Andrew Reilly,johnharris@hotmail.com,Team29
Jennifer Mccormick,jessica27@hotmail.com,Team29
Joshua Williams,jonathonturner@gmail.com,Team29
Brandy Huang,scottjonathan@yahoo.com,Team29
Karen Wise,mark99@hotmail.com,Team29
David Nash,jeffery58@hotmail.com,Team29
Scott Campbell,mmccullough@gmail.com,Team29
Kirsten Martinez,sharonross@yahoo.com,Team29
Lauren Hernandez,seanrobles@gmail.com,Team29
Carlos Lee,jonathan41@gmail.com,Team29
Paul Rogers,lbrown@hotmail.com,Team29
Curtis Walter,jevans@yahoo.com,Team29
Vincent Rose,stephenvargas@yahoo.com,Team29
Amanda Rangel,stevensaustin@hotmail.com,Team29
Robert White,sarahmorrison@gmail.com,Team29
Jose Lucas,zyoung@gmail.com,Team29
Aaron Perez,alexaortega@hotmail.com,Team29
Joseph Medina,marshemily@gmail.com,Team29
Stephen Cohen,krystalhardin@gmail.com,Team29
Ronald Ballard,brianjones@gmail.com,Team29
Michael Harris,aarongreer@hotmail.com,Team29
Cheryl Burns,kathyphillips@yahoo.com,Team29
Amy Bennett,zhines@yahoo.com,Team29
Kevin Martin,hsosa@hotmail.com,Team29
Richard Benson,justinweaver@gmail.com,Team29
Jessica Russell,larsenmathew@yahoo.com,Team29
Nicholas Brown,steven83@hotmail.com,Team29
Crystal Jimenez,snydertonya@yahoo.com,Team29
James Gibson,hortega@gmail.com,Team29
Jaime Downs,stevenlucero@yahoo.com,Team30
Adam Serrano,hstewart@hotmail.com,Team30
Charles Smith,michelle34@yahoo.com,Team30
Colin Mueller,watsonsean@gmail.com,Team30
Jimmy Reed,dmathis@gmail.com,Team30
Tamara Cruz,ashleytran@gmail.com,Team30
Heather Wilkins,paulfrazier@yahoo.com,Team30
John Robinson,kimberly78@gmail.com,Team30
Robin Hill,manningjohn@gmail.com,Team30
Amy Robinson,colinward@hotmail.com,Team30
Hannah Rose,williamsheidi@yahoo.com,Team30
Mario Rice PhD,ttran@gmail.com,Team30
Natalie Wise,berryryan@yahoo.com,Team30
Christopher Clark,ebaker@yahoo.com,Team30
Stephanie Patterson,eclark@gmail.com,Team30
Robert Obrien,sfreeman@gmail.com,Team30
Tonya Jones,michellegreer@gmail.com,Team30
Robert Reynolds MD,jkhan@hotmail.com,Team30
Stacy Vasquez,rachel53@hotmail.com,Team30
George Davis,jennifer12@gmail.com,Team30
Matthew Zuniga,frederick65@yahoo.com,Team30
Destiny Miller,aliciagilbert@yahoo.com,Team30
Kim Garcia,alyssahahn@yahoo.com,Team30
Kyle Simon,fmatthews@gmail.com,Team30
Dawn Woods,esharp@hotmail.com,Team30
Dennis Newton,wnelson@hotmail.com,Team30
Summer Cunningham,patriciasmith@hotmail.com,Team30
Wesley Rodriguez,fergusonshane@gmail.com,Team30
Jennifer Carter,hatfieldcurtis@yahoo.com,Team30
Jessica Collins,kelly11@gmail.com,Team30
Daniel Sawyer,shelbylin@gmail.com,Team31
Matthew Allen,higginscassandra@yahoo.com,Team31
Kelly Hinton,david02@hotmail.com,Team31
Erika Davies,nguyendenise@gmail.com,Team31
April Smith,flewis@gmail.com,Team31
Nicholas Simon,jlewis@gmail.com,Team31
Jennifer Rush,cjordan@hotmail.com,Team31
Mary Thomas,qsmith@yahoo.com,Team31
Jeffery Lopez,pferrell@yahoo.com,Team31
Patrick King,rebecca50@yahoo.com,Team31
Patrick Lawson,vmcdaniel@yahoo.com,Team31
Kirk Armstrong,susan49@hotmail.com,Team31
Taylor Newman,ojohnson@gmail.com,Team31
Elizabeth Vargas,samuel58@yahoo.com,Team31
Christopher Watson,srobinson@yahoo.com,Team31
Samuel Perry,sestrada@gmail.com,Team31
Alex Chandler,james04@gmail.com,Team31
Anna Johnson,jdavis@hotmail.com,Team31
Brian Brewer,josephdowns@yahoo.com,Team31
Susan Davis,mmurray@hotmail.com,Team31
Xavier Myers,fredsmith@yahoo.com,Team31
Rachel Hunter,michael95@gmail.com,Team31
Brianna Turner,kaylaperez@hotmail.com,Team31
Jennifer Moore,jcortez@gmail.com,Team31
Sherri Bailey,rgarcia@gmail.com,Team31
Wendy Thomas,karenmosley@hotmail.com,Team31
Yolanda Harris,jennifer79@yahoo.com,Team31
Terry Nicholson,sanchezalex@yahoo.com,Team31
Belinda Khan,sherry31@yahoo.com,Team31
Pedro Bowers,jamiereynolds@hotmail.com,Team31
Kathryn Golden,sarahmoore@yahoo.com,Team31
Alvin Larson,cindy86@yahoo.com,Team32
Tina Davis,simsapril@gmail.com,Team32
Michael Rodriguez,brittanyhorton@hotmail.com,Team32
Jonathan Hines,edwardspeter@yahoo.com,Team32
